"Time","total requests","successful requests","failed requests (status 5xx)","failed requests (status 4xx)"
1652864320000,0,0,0,0
1652864325000,0,0,0,0
1652864330000,0,0,0,0
1652864335000,0,0,0,0
1652864340000,0,0,0,0
1652864345000,0,0,0,0
1652864350000,4.377704735092833,4.377704735092833,0,0
1652864355000,27.764192542137646,5.776896313292096,0,0.022209390130147024
1652864360000,27.764192542137646,5.776896313292096,0,0.022209390130147024
1652864365000,38.65222185390185,16.664925625056288,0,0.022209390130147024
1652864370000,39.33133113143105,16.665671827400114,0,0.02222123461179503
1652864375000,39.33133113143105,16.665671827400114,0,0.02222123461179503
1652864380000,73.93115562771752,51.26549632368659,0,0.02222123461179503
1652864385000,73.93222520981016,51.2655585431435,0,0.02222222222222222
1652864390000,73.93222520981016,51.2655585431435,0,0.02222222222222222
1652864395000,72.56959719573106,49.90293052906439,0,0.02222222222222222
1652864400000,49.948210023883625,49.28115794935167,0,0
1652864405000,49.948210023883625,49.28115794935167,0,0
1652864410000,55.11644337667142,54.44939130213947,0,0
1652864415000,93.73872093867567,56.31566709303466,36.62303606746816,0.40000888908642407
1652864420000,93.73872093867567,56.31566709303466,36.62303606746816,0.40000888908642407
1652864425000,84.17957880545495,46.756524959813916,36.62303606746816,0.40000888908642407
1652864430000,93.86978876049866,49.756717068423434,36.69051957864794,3.7112760567136314
1652864435000,93.86978876049866,49.756717068423434,36.69051957864794,3.7112760567136314
1652864440000,128.33718580115615,84.22411410908096,36.69051957864794,3.7112760567136314
1652864445000,137.11145141078626,89.44584397984028,36.688073598364475,5.488766916290748
1652864450000,137.11145141078626,89.44584397984028,36.688073598364475,5.488766916290748
1652864455000,160.7154407043185,113.04983327337253,36.688073598364475,5.488766916290748
1652864460000,138.25087624878043,124.45056957529881,0.0666681481810707,6.8668192626502815
1652864465000,138.25087624878043,124.45056957529881,0.0666681481810707,6.8668192626502815
1652864470000,141.42068253897318,127.62037586549157,0.0666681481810707,6.8668192626502815
1652864475000,153.0188218039599,143.33014821892846,0,4.844336792515722
1652864480000,153.0188218039599,143.33014821892846,0,4.844336792515722
1652864485000,143.17642573502178,133.48775214999034,0,4.844336792515722
1652864490000,150.2219294151869,136.75526274852027,0,6.733333333333333
1652864495000,150.2219294151869,136.75526274852027,0,6.733333333333333
1652864500000,142.75578323550147,129.2891165688348,0,6.733333333333333
1652864505000,135.84360992577254,122.73279016621167,0,6.555409879780449
1652864510000,135.84360992577254,122.73279016621167,0,6.555409879780449
1652864515000,148.6641778451346,135.55335808557368,0,6.555409879780449
1652864520000,149.1774247589683,136.19935857971984,0,6.489033089624215
1652864525000,149.1774247589683,136.19935857971984,0,6.489033089624215
1652864530000,145.42329732079065,132.44523114154222,0,6.489033089624215
1652864535000,148.02335509985244,135.88975213089756,0,6.066801484477434
1652864540000,148.02335509985244,135.88975213089756,0,6.066801484477434
1652864545000,145.14994582165457,133.0163428526997,0,6.066801484477434
1652864550000,147.748814438488,133.65992554959914,0,7.044444444444443
1652864555000,147.748814438488,133.65992554959914,0,7.044444444444443
1652864560000,147.26394189225255,133.17505300336362,0,7.044444444444443
1652864565000,138.7962742601752,123.41883820319869,0,7.688718028488255
1652864570000,138.7962742601752,123.41883820319869,0,7.688718028488255
1652864575000,144.1551151461869,128.77767908921038,0,7.688718028488255
1652864580000,145.55611611159756,133.24500500048646,0,6.155555555555555
1652864585000,145.55611611159756,133.24500500048646,0,6.155555555555555
1652864590000,143.7850089936319,131.4738978825208,0,6.155555555555555
1652864595000,148.5194796361894,135.00806827149242,0,6.755705682348497
1652864600000,148.5194796361894,135.00806827149242,0,6.755705682348497
1652864605000,137.9401027738081,124.4286914091111,0,6.755705682348497
1652864610000,136.62896252624702,122.62865140822218,0,7.000155559012423
1652864615000,136.62896252624702,122.62865140822218,0,7.000155559012423
1652864620000,146.13444150610755,132.13413038808272,0,7.000155559012423
1652864625000,143.7111111111111,129.93333333333334,0,6.888888888888888
1652864630000,143.7111111111111,129.93333333333334,0,6.888888888888888
1652864635000,143.46638719161496,129.68860941383718,0,6.888888888888888
1652864640000,144.6886094138372,132.28860941383718,0,6.2
1652864645000,144.6886094138372,132.28860941383718,0,6.2
1652864650000,141.3748017151363,128.97480171513627,0,6.2
1652864655000,144.5748017151363,130.97480171513627,0,6.8
1652864660000,144.5748017151363,130.97480171513627,0,6.8
1652864665000,140.24140236030578,126.6414023603058,0,6.8
1652864670000,133.59595299992122,118.75183842468955,0,7.42205728761583
1652864675000,133.59595299992122,118.75183842468955,0,7.42205728761583
1652864680000,139.35455065107217,124.51043607584052,0,7.42205728761583
1652864685000,139.88888890034565,126.82222223367899,0,6.533333333333333
1652864690000,139.88888890034565,126.82222223367899,0,6.533333333333333
1652864695000,139.80247765450062,126.73581098783394,0,6.533333333333333
1652864700000,142.75803321005617,128.93581098783395,0,6.9111111111111105
1652864705000,142.75803321005617,128.93581098783395,0,6.9111111111111105
1652864710000,134.80241744492133,120.9801952226991,0,6.9111111111111105
1652864715000,137.42578043323465,123.38102388308909,0,7.02237827507278
1652864720000,137.42578043323465,123.38102388308909,0,7.02237827507278
1652864725000,141.88979163557795,127.8450350854324,0,7.02237827507278
1652864730000,137.30983410245204,122.19905878634796,0,7.555387658052043
1652864735000,137.30983410245204,122.19905878634796,0,7.555387658052043
1652864740000,141.22301981698803,126.11224450088395,0,7.555387658052043
1652864745000,141.04628102846726,128.33516991735615,0,6.355555555555555
1652864750000,141.04628102846726,128.33516991735615,0,6.355555555555555
1652864755000,143.48655375287288,130.77544264176177,0,6.355555555555555
1652864760000,147.26433153065065,133.79766486398398,0,6.733333333333333
1652864765000,147.26433153065065,133.79766486398398,0,6.733333333333333
1652864770000,140.33383013449682,126.86716346783015,0,6.733333333333333
1652864775000,140.53270670267185,125.33304447294361,0,7.599831114864115
1652864780000,140.53270670267185,125.33304447294361,0,7.599831114864115
1652864785000,143.39936941863343,128.1997071889052,0,7.599831114864115
1652864790000,141.22271507268061,125.88938173934727,0,7.666666666666667
1652864795000,141.22271507268061,125.88938173934727,0,7.666666666666667
1652864800000,143.2698243378718,127.93649100453848,0,7.666666666666667
1652864805000,143.20208411481502,128.4912999100196,0,7.355392102397724
1652864810000,143.20208411481502,128.4912999100196,0,7.355392102397724
1652864815000,138.310037554721,123.59925334992555,0,7.355392102397724
1652864820000,140.623347185493,126.84526322807174,0,6.889041978710638
1652864825000,140.623347185493,126.84526322807174,0,6.889041978710638
1652864830000,139.77721948197205,125.99913552455077,0,6.889041978710638
1652864835000,138.1316500742568,123.06498340759013,0,7.533333333333333
1652864840000,138.1316500742568,123.06498340759013,0,7.533333333333333
1652864845000,139.61768622832554,124.55101956165886,0,7.533333333333333
1652864850000,138.32879733943665,124.77324178388108,0,6.777777777777777
1652864855000,138.32879733943665,124.77324178388108,0,6.777777777777777
1652864860000,143.4888888888889,129.93333333333334,0,6.777777777777777
1652864865000,143.26666666666668,130.55555555555557,0,6.355555555555555
1652864870000,143.26666666666668,130.55555555555557,0,6.355555555555555
1652864875000,140.62096134035664,127.90985022924554,0,6.355555555555555
1652864880000,141.84318356257887,129.75429467369,0,6.044444444444443
1652864885000,141.84318356257887,129.75429467369,0,6.044444444444443
1652864890000,141.71503688365206,129.6261479947632,0,6.044444444444443
1652864895000,141.09388283331515,127.36024430801459,0,6.8668192626502815
1652864900000,141.09388283331515,127.36024430801459,0,6.8668192626502815
1652864905000,142.62039177488603,128.88675324958547,0,6.8668192626502815
1652864910000,142.97595523185174,129.02008954594763,0,6.977932842952066
1652864915000,142.97595523185174,129.02008954594763,0,6.977932842952066
1652864920000,140.91397734764476,126.95811166174063,0,6.977932842952066
1652864925000,142.31290127434931,127.91290127434932,0,7.2
1652864930000,142.31290127434931,127.91290127434932,0,7.2
1652864935000,142.68347712173005,128.28347712173004,0,7.2
1652864940000,141.50569934395224,127.37236601061893,0,7.066666666666666
1652864945000,141.50569934395224,127.37236601061893,0,7.066666666666666
1652864950000,141.36971939172787,127.23638605839454,0,7.066666666666666
1652864955000,139.4565313358884,125.72380834579906,0,6.866361495044665
1652864960000,139.4565313358884,125.72380834579906,0,6.866361495044665
1652864965000,142.41960999264228,128.68688700255296,0,6.866361495044665
1652864970000,142.99841338048674,130.2431412754224,0,6.377636052532166
1652864975000,142.99841338048674,130.2431412754224,0,6.377636052532166
1652864980000,139.42780650461876,126.67253439955442,0,6.377636052532166
1652864985000,140.27223218404805,127.56140353579582,0,6.35541432412613
1652864990000,140.27223218404805,127.56140353579582,0,6.35541432412613
1652864995000,137.67550833261808,124.96467968436582,0,6.35541432412613
1652865000000,137.96762050330048,124.63369455103596,0,6.666962976132272
1652865005000,137.96762050330048,124.63369455103596,0,6.666962976132272
1652865010000,140.20215368710436,126.86822773483983,0,6.666962976132272
1652865015000,139.31216842970696,125.71186620076854,0,6.8001511144692115
1652865020000,139.31216842970696,125.71186620076854,0,6.8001511144692115
1652865025000,139.88918079257002,126.28887856363161,0,6.8001511144692115
1652865030000,141.6659017567396,127.64367953451736,0,7
1652865035000,141.6659017567396,127.64367953451736,0,7
1652865040000,140.77217735523396,126.74995513301177,0,7
1652865045000,141.99327614563123,127.46026576808407,0,7.266505188773582
1652865050000,141.99327614563123,127.46026576808407,0,7.266505188773582
1652865055000,141.75417978365914,127.22116940611195,0,7.266505188773582
1652865060000,140.57752543770633,125.77752543770632,0,7.4
1652865065000,140.57752543770633,125.77752543770632,0,7.4
1652865070000,142.60078225119457,127.80078225119455,0,7.4
1652865075000,141.20078225119457,127.445226695639,0,6.888888888888888
1652865080000,141.20078225119457,127.445226695639,0,6.888888888888888
1652865085000,144.05025835514462,130.29470279958906,0,6.888888888888888
1652865090000,143.76030973671885,130.6050465203459,0,6.577631608186485
1652865095000,143.76030973671885,130.6050465203459,0,6.577631608186485
1652865100000,141.9084810461002,128.75321782972725,0,6.577631608186485
1652865105000,142.44180252784506,129.39764795350226,0,6.510966422968378
1652865110000,142.44180252784506,129.39764795350226,0,6.510966422968378
1652865115000,140.626068395359,127.5819138210162,0,6.510966422968378
1652865120000,139.3837395058566,126.40567332660817,0,6.489033089624215
1652865125000,139.3837395058566,126.40567332660817,0,6.489033089624215
1652865130000,140.80155509628608,127.82348891703765,0,6.489033089624215
1652865135000,141.13489583719144,127.82348891703765,0,6.644592102046712
1652865140000,141.13489583719144,127.82348891703765,0,6.644592102046712
1652865145000,138.75939522600365,125.44798830584986,0,6.644592102046712
1652865150000,140.0461527575033,127.04644163997256,0,6.510966422968379
1652865155000,140.0461527575033,127.04644163997256,0,6.510966422968379
1652865160000,141.27874160239887,128.27903048486814,0,6.510966422968379
1652865165000,143.0564798748817,128.56791295414658,0,7.244283460367546
1652865170000,143.0564798748817,128.56791295414658,0,7.244283460367546
1652865175000,139.37641632655075,124.88784940581566,0,7.244283460367546
1652865180000,138.0008469431554,123.75608594846665,0,7.133491855374564
1652865185000,138.0008469431554,123.75608594846665,0,7.133491855374564
1652865190000,141.55741192721382,127.31265093252506,0,7.133491855374564
1652865195000,140.97962130964456,126.93486475949899,0,7.0223782750727795
1652865200000,140.97962130964456,126.93486475949899,0,7.0223782750727795
1652865205000,140.7586850195579,126.71392846941234,0,7.0223782750727795
1652865210000,139.13538672404022,126.3353867240402,0,6.4
1652865215000,139.13538672404022,126.3353867240402,0,6.4
1652865220000,140.66848497867858,127.86848497867855,0,6.4
1652865225000,141.57853586643662,129.00103758862056,0,6.288749138908023
1652865230000,141.57853586643662,129.00103758862056,0,6.288749138908023
1652865235000,141.84052214365323,129.2630238658372,0,6.288749138908023
1652865240000,140.79506394066476,127.19566835824621,0,6.79969779120928
1652865245000,140.79506394066476,127.19566835824621,0,6.79969779120928
1652865250000,139.44494741302705,125.84555183060849,0,6.79969779120928
1652865255000,142.9792391974915,128.13512462225984,0,7.422057287615831
1652865260000,142.9792391974915,128.13512462225984,0,7.422057287615831
1652865265000,142.17512302195755,127.33100844672589,0,7.422057287615831
1652865270000,141.57513635499458,126.37547412526635,0,7.599831114864115
1652865275000,141.57513635499458,126.37547412526635,0,7.599831114864115
1652865280000,140.5542505660577,125.35458833632947,0,7.599831114864115
1652865285000,164.04880780876383,123.99031531973114,0,6.713342491248283
1652865290000,164.04880780876383,123.99031531973114,0,6.713342491248283
1652865295000,145.31410100944169,105.25560852040903,0,6.713342491248283
1652865300000,140.51257004997942,92.33265094246352,0,4.022400995599805
1652865305000,140.51257004997942,92.33265094246352,0,4.022400995599805
1652865310000,131.32479749067247,83.14487838315658,0,4.022400995599805
1652865315000,115.67848775214303,72.29974600232639,0,1.6222582724060535
1652865320000,115.67848775214303,72.29974600232639,0,1.6222582724060535
1652865325000,96.2442957419953,52.86555399217865,0,1.6222582724060535
1652865330000,75.85171277874733,43.598681395009834,18.790121255349497,0
1652865335000,75.85171277874733,43.598681395009834,18.790121255349497,0
1652865340000,101.18794542673916,68.93491404300164,18.790121255349497,0
1652865345000,91.08997726381895,68.93491404300164,18.73291704628786,1.7110730872647273
1652865350000,91.08997726381895,68.93491404300164,18.73291704628786,1.7110730872647273
1652865355000,101.77118419853777,79.61612097772048,18.73291704628786,1.7110730872647273
1652865360000,102.81612097772046,79.90500986660938,18.733333333333334,2.088888888888889
1652865365000,102.81612097772052,79.90500986660939,18.733333333333334,2.088888888888889
1652865370000,141.85845696671325,118.94734585560211,18.733333333333334,2.088888888888889
1652865375000,137.65845696671323,133.1251236333799,0,2.2666666666666666
1652865380000,137.65845696671323,133.1251236333799,0,2.2666666666666666
1652865385000,120.8225481553911,116.28921482205777,0,2.2666666666666666
1652865390000,143.7345906452242,137.42333928408286,0,3.133402964510323
1652865395000,143.7345906452242,137.42333928408286,0,3.133402964510323
1652865400000,133.17841484205243,126.86716348091107,0,3.133402964510323
1652865405000,148.62192790777488,134.93303901888598,0,6.844444444444444
1652865410000,148.62192790777488,134.93303901888598,0,6.844444444444444
1652865415000,141.9322596836861,128.24337079479724,0,6.844444444444444
1652865420000,135.02002760983098,119.02038315748547,0,7.9998222261727525
1652865425000,135.02002760983098,119.02038315748547,0,7.9998222261727525
1652865430000,152.24163956850342,136.2419951161579,0,7.9998222261727525
1652865435000,151.48610080269822,138.86415906807008,0,6.333192595720095
1652865440000,151.48610080269822,138.86415906807008,0,6.333192595720095
1652865445000,150.3966578661154,137.77471613148725,0,6.333192595720095
1652865450000,151.93223366934285,140.64309391068153,0,5.644569879330652
1652865455000,151.93223366934285,140.64309391068153,0,5.644569879330652
1652865460000,136.8446677305653,125.55552797190401,0,5.644569879330652
1652865465000,139.26694378114416,124.73328747767079,0,7.266828151736704
1652865470000,139.26694378114416,124.73328747767079,0,7.266828151736704
1652865475000,146.67093696741438,132.13728066394097,0,7.266828151736704
1652865480000,134.3595522699767,118.75920559560612,0,7.800173337185272
1652865485000,134.3595522699767,118.75920559560612,0,7.800173337185272
1652865490000,141.40343515108074,125.80308847671022,0,7.800173337185272
1652865495000,147.8903428086051,135.49061835803738,0,6.199862225283882
1652865500000,147.8903428086051,135.49061835803738,0,6.199862225283882
1652865505000,141.19951906181677,128.79979461124904,0,6.199862225283882
1652865510000,148.24624548504974,133.71258918157636,0,7.266828151736706
1652865515000,148.24624548504974,133.71258918157636,0,7.266828151736706
1652865520000,136.30556130076505,121.77190499729163,0,7.266828151736706
1652865525000,132.72656423663275,116.01545312552163,0,8.355555555555556
1652865530000,132.72656423663275,116.01545312552163,0,8.355555555555556
1652865535000,146.68725287586201,129.97614176475093,0,8.355555555555556
1652865540000,138.84280843141758,123.28725287586204,0,7.777777777777777
1652865545000,138.84280843141758,123.28725287586204,0,7.777777777777777
1652865550000,140.30553565420004,124.7499800986445,0,7.777777777777777
1652865555000,144.01664676531118,132.19442454308896,0,5.9111111111111105
1652865560000,144.01664676531118,132.19442454308896,0,5.9111111111111105
1652865565000,137.06666666666663,125.24444444444443,0,5.9111111111111105
1652865570000,142.2432815073245,128.82135755007909,0,6.710961978622697
1652865575000,142.2432815073245,128.82135755007909,0,6.710961978622697
1652865580000,136.24514624012107,122.82322228287566,0,6.710961978622697
1652865585000,129.75843907642394,115.13589190870908,0,7.311273583857419
1652865590000,129.75843907642394,115.13589190870908,0,7.311273583857419
1652865595000,142.36224435125752,127.73969718354267,0,7.311273583857419
1652865600000,141.31678111874123,127.80567000763013,0,6.7555555555555555
1652865605000,141.31678111874123,127.80567000763013,0,6.7555555555555555
1652865610000,140.7186374173912,127.20752630628009,0,6.7555555555555555
1652865615000,145.16308186183565,132.14085963961344,0,6.51111111111111
1652865620000,145.16308186183565,132.14085963961344,0,6.51111111111111
1652865625000,134.99691568721508,121.97469346499288,0,6.51111111111111
1652865630000,138.1080267983262,123.7969156872151,0,7.155555555555555
1652865635000,138.1080267983262,123.7969156872151,0,7.155555555555555
1652865640000,138.97756298689637,124.66645187578524,0,7.155555555555555
1652865645000,130.75534076467414,116.48867409800746,0,7.133333333333334
1652865650000,130.75534076467414,116.48867409800746,0,7.133333333333334
1652865655000,140.66666816014265,126.40000149347597,0,7.133333333333334
1652865660000,140.6444459379204,129.40000149347597,0,5.622222222222222
1652865665000,140.6444459379204,129.40000149347597,0,5.622222222222222
1652865670000,141.55715066316742,130.31270621872298,0,5.622222222222222
1652865675000,146.7571506631674,134.97937288538964,0,5.888888888888888
1652865680000,146.7571506631674,134.97937288538964,0,5.888888888888888
1652865685000,137.82418917951262,126.04641140173483,0,5.888888888888888
1652865690000,138.55641043879325,124.77893882705129,0,6.88873580587098
1652865695000,138.55641043879325,124.77893882705129,0,6.88873580587098
1652865700000,139.81670799257157,126.03923638082964,0,6.88873580587098
1652865705000,134.77437564440257,120.50739193365342,0,7.133491855374564
1652865710000,134.77437564440257,120.50739193365342,0,7.133491855374564
1652865715000,140.64676154441798,126.37977783366885,0,7.133491855374564
1652865720000,141.86695660674894,129.15612795849668,0,6.35541432412613
1652865725000,141.86695660674894,129.15612795849668,0,6.35541432412613
1652865730000,138.52998181500988,125.81915316675762,0,6.35541432412613
1652865735000,143.68656450823397,130.3087867304562,0,6.688888888888888
1652865740000,143.68656450823397,130.3087867304562,0,6.688888888888888
1652865745000,138.67007935747017,125.29230157969239,0,6.688888888888888
1652865750000,137.7122829138553,122.33518856249314,0,7.68854717568108
1652865755000,137.7122829138553,122.33518856249314,0,7.68854717568108
1652865760000,140.44277894115217,125.06568458979001,0,7.68854717568108
1652865765000,136.0904880001091,121.02348651118713,0,7.533500744460989
1652865770000,136.0904880001091,121.02348651118713,0,7.533500744460989
1652865775000,141.5346331397765,126.46763165085453,0,7.533500744460989
1652865780000,143.08916496887886,129.48916496887887,0,6.8
1652865785000,143.08916496887886,129.48916496887887,0,6.8
1652865790000,138.79325617369153,125.19325617369152,0,6.8
1652865795000,141.66216689071106,127.66154464083327,0,7.000311124938886
1652865800000,141.66216689071106,127.66154464083327,0,7.000311124938886
1652865805000,139.64590188805963,125.64527963818186,0,7.000311124938886
1652865810000,138.5314494670286,123.46511760773659,0,7.533165929646007
1652865815000,138.5314494670286,123.46511760773659,0,7.533165929646007
1652865820000,141.55445731965926,126.48812546036724,0,7.533165929646007
1652865825000,139.8455027509141,124.86739212623355,0,7.489055312340275
1652865830000,139.8455027509141,124.86739212623355,0,7.489055312340275
1652865835000,142.25199366863689,127.27388304395635,0,7.489055312340275
1652865840000,144.44982626231482,130.71679810738493,0,6.866514077464944
1652865845000,144.44982626231482,130.71679810738493,0,6.866514077464944
1652865850000,142.64359756129448,128.9105694063646,0,6.866514077464944
1652865855000,143.60139064818725,128.6677254556274,0,7.466832596279918
1652865860000,143.60139064818725,128.6677254556274,0,7.466832596279918
1652865865000,141.42335213432156,126.48968694176172,0,7.466832596279918
1652865870000,139.48780299756325,124.42147113827124,0,7.533165929646007
1652865875000,139.48780299756325,124.42147113827124,0,7.533165929646007
1652865880000,143.03654627404552,127.97021441475353,0,7.533165929646007
1652865885000,141.50429933632316,127.10429933632317,0,7.2
1652865890000,141.50429933632316,127.10429933632317,0,7.2
1652865895000,139.5111086538381,125.11110865383812,0,7.2
1652865900000,141.28779460402689,127.6880968195332,0,6.799848892246839
1652865905000,141.28779460402689,127.6880968195332,0,6.799848892246839
1652865910000,140.92971425675168,127.330016472258,0,6.799848892246839
1652865915000,139.99854388592146,126.30935079274161,0,6.844596546589925
1652865920000,139.99854388592146,126.30935079274161,0,6.844596546589925
1652865925000,137.91824896872885,124.22905587554901,0,6.844596546589925
1652865930000,136.5404405729867,122.09567513375474,0,7.222382719615992
1652865935000,136.5404405729867,122.09567513375474,0,7.222382719615992
1652865940000,137.44472129671723,122.99995585748525,0,7.222382719615992
1652865945000,135.86690845643187,122.57772425233844,0,6.644592102046713
1652865950000,135.86690845643187,122.57772425233844,0,6.644592102046713
1652865955000,131.46978538325664,118.18060117916319,0,6.644592102046713
1652865960000,133.00107377907455,119.62359327864121,0,6.688740250216662
1652865965000,133.00107377907455,119.62359327864121,0,6.688740250216662
1652865970000,133.04244109643082,119.66496059599751,0,6.688740250216662
1652865975000,133.1101472461707,119.1990361350596,0,6.955555555555555
1652865980000,133.1101472461707,119.1990361350596,0,6.955555555555555
1652865985000,135.6448792593729,121.73376814826182,0,6.955555555555555
1652865990000,136.57715088790462,121.82192322629712,0,7.377613830803759
1652865995000,136.57715088790462,121.82192322629712,0,7.377613830803759
1652866000000,139.92843050545295,125.17320284384539,0,7.377613830803759
1652866005000,142.3750527288834,127.3524966720821,0,7.511278028400631
1652866010000,142.3750527288834,127.3524966720821,0,7.511278028400631
1652866015000,140.67078692384675,125.64823086704547,0,7.511278028400631
1652866020000,141.08964230772102,126.37918499471272,0,7.3552286565041545
1652866025000,141.08964230772102,126.37918499471272,0,7.3552286565041545
1652866030000,139.64122978321308,124.93077247020477,0,7.3552286565041545
1652866035000,138.62125832515443,124.22125832515442,0,7.2
1652866040000,138.62125832515443,124.22125832515442,0,7.2
1652866045000,141.18185267374227,126.78185267374226,0,7.2
1652866050000,139.0040748959645,124.78185267374226,0,7.111111111111111
1652866055000,139.0040748959645,124.78185267374226,0,7.111111111111111
1652866060000,140.57624646574413,126.35402424352189,0,7.111111111111111
1652866065000,140.06617834077343,126.68810327243858,0,6.689037534167426
1652866070000,140.06617834077343,126.68810327243858,0,6.689037534167426
1652866075000,139.5566288153616,126.17855374702674,0,6.689037534167426
1652866080000,140.44553745777588,126.57856263611318,0,6.9334874108313524
1652866085000,140.44553745777588,126.57856263611318,0,6.9334874108313524
1652866090000,138.71138773921626,124.84441291755354,0,6.9334874108313524
1652866095000,137.6332705178303,123.63638093773702,0,6.998444790046657
1652866100000,137.6332705178303,123.63638093773702,0,6.998444790046657
1652866105000,137.3002304784545,123.30334089836118,0,6.998444790046657
1652866110000,137.9338933786333,124.155809421212,0,6.8890419787106385
1652866115000,137.9338933786333,124.155809421212,0,6.8890419787106385
1652866120000,136.84597156017236,123.06788760275109,0,6.8890419787106385
1652866125000,136.80047425282478,123.02269647504701,0,6.888888888888888
1652866130000,136.80047425282478,123.02269647504701,0,6.888888888888888
1652866135000,135.88864049934693,122.11086272156916,0,6.888888888888888
1652866140000,135.72029571927982,123.09554854762325,0,6.3123735858282775
1652866145000,135.72029571927982,123.09554854762325,0,6.3123735858282775
1652866150000,138.56701876689988,125.94227159524331,0,6.3123735858282775
1652866155000,138.1513525262142,125.13086636881296,0,6.510243078700618
1652866160000,138.1513525262142,125.13086636881296,0,6.510243078700618
1652866165000,139.81651156423112,126.79602540682987,0,6.510243078700618
1652866170000,141.10736345838774,128.57514410010847,0,6.266109679139632
1652866175000,141.10736345838774,128.57514410010847,0,6.266109679139632
1652866180000,139.30786463337068,126.77564527509142,0,6.266109679139632
1652866185000,139.86661045063298,126.35579957976344,0,6.755405435434769
1652866190000,139.86661045063298,126.35579957976344,0,6.755405435434769
1652866195000,136.88274791584826,123.37193704497872,0,6.755405435434769
1652866200000,136.17803835967854,122.53207769738273,0,6.822980331147905
1652866205000,136.17803835967854,122.53207769738273,0,6.822980331147905
1652866210000,137.04425546636776,123.39829480407194,0,6.822980331147905
1652866215000,134.70965029678672,121.55292525456075,0,6.578362521112989
1652866220000,134.70965029678672,121.55292525456075,0,6.578362521112989
1652866225000,135.6484902822597,122.49176524003374,0,6.578362521112989
1652866230000,136.5999960951221,123.75555165067763,0,6.422222222222222
1652866235000,136.5999960951221,123.75555165067763,0,6.422222222222222
1652866240000,135.73833841409242,122.893893969648,0,6.422222222222222
1652866245000,136.29389396964797,123.13833841409244,0,6.5777777777777775
1652866250000,136.29389396964797,123.13833841409244,0,6.5777777777777775
1652866255000,135.76147213085605,122.60591657530053,0,6.5777777777777775
1652866260000,135.36147213085604,121.98369435307829,0,6.688888888888888
1652866265000,135.36147213085604,121.98369435307829,0,6.688888888888888
1652866270000,137.16971098645155,123.79193320867375,0,6.688888888888888
1652866275000,135.90405323109403,123.37044137305271,0,6.266805929020645
1652866280000,135.90405323109403,123.37044137305271,0,6.266805929020645
1652866285000,135.3995180802412,122.8659062221999,0,6.266805929020645
1652866290000,135.51063166054297,123.46591955582954,0,6.022356052356719
1652866295000,135.51063166054297,123.46591955582954,0,6.022356052356719
1652866300000,133.97778870891486,121.93307660420143,0,6.022356052356719
1652866305000,133.75354870880412,121.44271117186051,0,6.155418768471811
1652866310000,133.75354870880412,121.44271117186051,0,6.155418768471811
1652866315000,133.4273526718274,121.11651513488378,0,6.155418768471811
1652866320000,133.20713835073101,120.629081060569,0,6.289028645081003
1652866325000,133.20713835073101,120.629081060569,0,6.289028645081003
1652866330000,135.62448993797642,123.04643264781441,0,6.289028645081003
1652866335000,136.1558084567573,123.44497980850505,0,6.35541432412613
1652866340000,136.1558084567573,123.44497980850505,0,6.35541432412613
1652866345000,135.95429286756593,123.24346421931365,0,6.35541432412613
1652866350000,137.48863951171455,125.04419506727011,0,6.222222222222222
1652866355000,137.48863951171455,125.04419506727011,0,6.222222222222222
1652866360000,135.9370377560959,123.49259331165146,0,6.222222222222222
1652866365000,137.18040716270167,123.26960518052351,0,6.955400991089087
1652866370000,137.18040716270167,123.26960518052351,0,6.955400991089087
1652866375000,137.33126821596608,123.4204662337879,0,6.955400991089087
1652866380000,138.0667679694157,123.39977536958017,0,7.333496299917777
1652866385000,138.0667679694157,123.39977536958017,0,7.333496299917777
1652866390000,139.64653834041405,124.97954574057849,0,7.333496299917777
1652866395000,139.93543364919867,125.00176845663884,0,7.466832596279918
1652866400000,139.93543364919867,125.00176845663884,0,7.466832596279918
1652866405000,139.73291808271034,124.79925289015051,0,7.466832596279918
1652866410000,139.10851413178472,124.79772103829791,0,7.155396546743407
1652866415000,139.10851413178472,124.79772103829791,0,7.155396546743407
1652866420000,140.24260353134312,125.93181043785633,0,7.155396546743407
1652866425000,139.26590968009538,125.75479856898427,0,6.7555555555555555
1652866430000,139.26590968009538,125.75479856898427,0,6.7555555555555555
1652866435000,138.9111121100686,125.40000099895748,0,6.7555555555555555
1652866440000,138.08680207940327,125.06515859689141,0,6.510821741255944
1652866445000,138.08680207940327,125.06515859689141,0,6.510821741255944
1652866450000,140.42141000955482,127.39976652704293,0,6.510821741255944
1652866455000,140.68911463145145,127.97828598319917,0,6.355414324126131
1652866460000,140.68911463145145,127.97828598319917,0,6.355414324126131
1652866465000,139.33307019923478,126.62224155098254,0,6.355414324126131
1652866470000,139.04314434272638,125.84373098332016,0,6.599706679703123
1652866475000,139.04314434272638,125.84373098332016,0,6.599706679703123
1652866480000,139.35346874611383,126.15405538670758,0,6.599706679703123
1652866485000,139.55660349146825,126.35631015161627,0,6.600146669925999
1652866490000,139.55660349146825,126.35631015161627,0,6.600146669925999
1652866495000,138.86668500684775,125.66639166699574,0,6.600146669925999
1652866500000,138.24651728915458,125.00118982287904,0,6.622663733137765
1652866505000,138.24651728915458,125.00118982287904,0,6.622663733137765
1652866510000,138.49074454289004,125.24541707661449,0,6.622663733137765
1652866515000,139.31091670512643,126.55507768648154,0,6.377919509322429
1652866520000,139.31091670512643,126.55507768648154,0,6.377919509322429
1652866525000,137.97807760441967,125.2222385857748,0,6.377919509322429
1652866530000,137.1992474575769,124.75480301313246,0,6.222222222222222
1652866535000,137.1992474575769,124.75480301313246,0,6.222222222222222
1652866540000,136.8676726371802,124.42322819273573,0,6.222222222222222
1652866545000,136.9322663095602,125.02168455763805,0,5.955290875961068
1652866550000,136.9322663095602,125.02168455763805,0,5.955290875961068
1652866555000,137.37697899914468,125.46639724722255,0,5.955290875961068
1652866560000,136.75785250998604,124.62424954103119,0,6.066801484477434
1652866565000,136.75785250998604,124.62424954103119,0,6.066801484477434
1652866570000,137.46668313366942,125.33308016471454,0,6.066801484477434
1652866575000,138.7545492837814,126.39899372822583,0,6.177777777777777
1652866580000,138.7545492837814,126.39899372822583,0,6.177777777777777
1652866585000,138.33081101014517,125.9752554545896,0,6.177777777777777
1652866590000,139.6207799230346,125.84269596561332,0,6.889041978710638
1652866595000,139.6207799230346,125.84269596561332,0,6.889041978710638
1652866600000,138.22281336819782,124.44472941077655,0,6.889041978710638
1652866605000,138.8920090178317,123.83103205357375,0,7.530488482128973
1652866610000,138.8920090178317,123.83103205357375,0,7.530488482128973
1652866615000,139.76067772668313,124.69970076242518,0,7.530488482128973
1652866620000,140.53262239881116,124.40000607064795,0,8.066308164081597
1652866625000,140.53262239881116,124.40000607064795,0,8.066308164081597
1652866630000,140.90938837050138,124.7767720423382,0,8.066308164081597
1652866635000,139.73383469140563,124.53383469140563,0,7.6
1652866640000,139.73383469140563,124.53383469140563,0,7.6
1652866645000,140.6431837432641,125.44318374326411,0,7.6
1652866650000,140.26150029247898,126.03390320024417,0,7.1137985461174225
1652866655000,140.26150029247898,126.03390320024417,0,7.1137985461174225
1652866660000,140.3442813529288,126.11668426069394,0,7.1137985461174225
1652866665000,138.8836103287002,124.97188091850418,0,6.955864705098004
1652866670000,138.8836103287002,124.97188091850418,0,6.955864705098004
1652866675000,137.44552660180628,123.5337971916103,0,6.955864705098004
1652866680000,138.20005393992068,123.97751566129226,0,7.111269139314207
1652866685000,138.20005393992068,123.97751566129226,0,7.111269139314207
1652866690000,136.8472410498011,122.62470277117271,0,7.111269139314207
1652866695000,135.40173485336712,121.84617929781155,0,6.777777777777777
1652866700000,135.40173485336712,121.84617929781155,0,6.777777777777777
1652866705000,134.47406255015989,120.91850699460431,0,6.777777777777777
1652866710000,133.14172923904925,120.65256281312868,0,6.244583212960289
1652866715000,133.14172923904925,120.65256281312868,0,6.244583212960289
1652866720000,135.4239620816549,122.93479565573433,0,6.244583212960289
1652866725000,135.3330751680298,123.11112454471031,0,6.1109753116597405
1652866730000,135.3330751680298,123.11112454471031,0,6.1109753116597405
1652866735000,134.63872328880257,122.41677266548308,0,6.1109753116597405
1652866740000,136.72861018020498,124.1508324024272,0,6.288888888888889
1652866745000,136.72861018020498,124.1508324024272,0,6.288888888888889
1652866750000,135.59950915761766,123.02173137983988,0,6.288888888888889
1652866755000,136.77621634190245,123.309848927845,0,6.733183707028732
1652866760000,136.77621634190245,123.309848927845,0,6.733183707028732
1652866765000,136.39964850932927,122.93328109527181,0,6.733183707028732
1652866770000,135.35627465837783,121.71183021393338,0,6.822222222222222
1652866775000,135.35627465837783,121.71183021393338,0,6.822222222222222
1652866780000,137.58178353311098,123.93733908866653,0,6.822222222222222
1652866785000,138.40294010000207,124.49213811782391,0,6.955400991089087
1652866790000,138.40294010000207,124.49213811782391,0,6.955400991089087
1652866795000,138.80146381763885,124.8906618354607,0,6.955400991089087
1652866800000,141.09030184346054,126.06841344098058,0,7.510944201239973
1652866805000,141.09030184346054,126.06841344098058,0,7.510944201239973
1652866810000,140.66529731438067,125.64340891190072,0,7.510944201239973
1652866815000,140.73419854898262,125.71164249218134,0,7.511278028400631
1652866820000,140.73419854898262,125.71164249218134,0,7.511278028400631
1652866825000,142.2230841169232,127.20052806012193,0,7.511278028400631
1652866830000,140.71085495627517,125.82196606738627,0,7.444444444444444
1652866835000,140.71085495627517,125.82196606738627,0,7.444444444444444
1652866840000,140.7678600125662,125.8789711236773,0,7.444444444444444
1652866845000,139.61336324597136,125.74638842430866,0,6.933487410831351
1652866850000,139.61336324597136,125.74638842430866,0,6.933487410831351
1652866855000,138.44001638272502,124.57304156106231,0,6.933487410831351
1652866860000,138.92784648265317,125.10562426043094,0,6.9111111111111105
1652866865000,138.92784648265317,125.10562426043094,0,6.9111111111111105
1652866870000,137.58049498341222,123.75827276118999,0,6.9111111111111105
1652866875000,136.24716165007888,122.64716165007889,0,6.8
1652866880000,136.24716165007888,122.64716165007889,0,6.8
1652866885000,137.91875694270067,124.31875694270069,0,6.8
1652866890000,135.91975252038017,123.38614066233889,0,6.266805929020646
1652866895000,135.91975252038017,123.38614066233889,0,6.266805929020646
1652866900000,136.65129983073183,124.11768797269053,0,6.266805929020646
1652866905000,136.84930427527405,124.40513636789422,0,6.222083953689918
1652866910000,136.84930427527405,124.40513636789422,0,6.222083953689918
1652866915000,133.3081487078065,120.86398080042667,0,6.222083953689918
1652866920000,134.99803757447364,122.73137090780699,0,6.133333333333334
1652866925000,134.99803757447364,122.73137090780699,0,6.133333333333334
1652866930000,134.0373499769089,121.77068331024225,0,6.133333333333334
1652866935000,134.74740777809356,120.9699361663516,0,6.88873580587098
1652866940000,134.74740777809356,120.9699361663516,0,6.88873580587098
1652866945000,136.39918718924514,122.62171557750317,0,6.88873580587098
1652866950000,137.35579605472714,123.6224627213938,0,6.866666666666666
1652866955000,137.35579605472714,123.6224627213938,0,6.866666666666666
1652866960000,140.5736792401504,126.84034590681709,0,6.866666666666666
1652866965000,140.57475383193145,127.06334246723448,0,6.755705682348497
1652866970000,140.57475383193145,127.06334246723448,0,6.755705682348497
1652866975000,139.4752779100854,125.96386654538838,0,6.755705682348497
1652866980000,140.49423107015733,126.49485326472647,0,6.999688902715436
1652866985000,140.49423107015733,126.49485326472647,0,6.999688902715436
1652866990000,140.13189351492306,126.13251570949222,0,6.999688902715436
1652866995000,138.55631020751454,124.8229768741812,0,6.866666666666666
1652867000000,138.55631020751454,124.8229768741812,0,6.866666666666666
1652867005000,137.8264738523451,124.09314051901175,0,6.866666666666666
1652867010000,137.11536274123395,123.20425163012287,0,6.955555555555555
1652867015000,137.11536274123395,123.20425163012287,0,6.955555555555555
1652867020000,139.17599016318158,125.26487905207046,0,6.955555555555555
1652867025000,139.06696704610476,126.08861245256728,0,6.489177296768745
1652867030000,139.06696704610476,126.08861245256728,0,6.489177296768745
1652867035000,138.4248218439338,125.44646725039631,0,6.489177296768745
1652867040000,138.84284949908053,125.5101087320035,0,6.66637038353851
1652867045000,138.84284949908053,125.5101087320035,0,6.66637038353851
1652867050000,140.42040175099322,127.08766098391621,0,6.66637038353851
1652867055000,139.9325769891752,126.95508760005052,0,6.488744694562342
1652867060000,139.9325769891752,126.95508760005052,0,6.488744694562342
1652867065000,140.66927375411288,127.69178436498822,0,6.488744694562342
1652867070000,140.8935858529891,127.95996510586141,0,6.466810373563858
1652867075000,140.8935858529891,127.95996510586141,0,6.466810373563858
1652867080000,139.73309487807947,126.79947413095175,0,6.466810373563858
1652867085000,140.82415136543477,128.02329797520878,0,6.4004266951130075
1652867090000,140.82415136543477,128.02329797520878,0,6.4004266951130075
1652867095000,139.9580022744092,127.15714888418321,0,6.4004266951130075
1652867100000,140.60031763976173,126.6000065217369,0,7.000155559012423
1652867105000,140.60031763976173,126.6000065217369,0,7.000155559012423
1652867110000,139.11145785119066,125.11114673316582,0,7.000155559012423
1652867115000,139.7992607900214,125.22148301224364,0,7.288888888888889
1652867120000,139.7992607900214,125.22148301224364,0,7.288888888888889
1652867125000,140.75378374307735,126.17600596529957,0,7.288888888888889
1652867130000,140.08711707641066,125.020450409744,0,7.533333333333333
1652867135000,140.08711707641066,125.020450409744,0,7.533333333333333
1652867140000,138.48171638634463,123.41504971967797,0,7.533333333333333
1652867145000,138.45949416412242,124.10393860856686,0,7.177777777777777
1652867150000,138.45949416412242,124.10393860856686,0,7.177777777777777
1652867155000,139.28815218309182,124.93259662753628,0,7.177777777777777
1652867160000,137.53154973722027,123.48741738460589,0,7.0220661763071925
1652867165000,137.53154973722027,123.48741738460589,0,7.0220661763071925
1652867170000,137.06838139703137,123.02424904441698,0,7.0220661763071925
1652867175000,136.53609495401406,122.93609495401405,0,6.8
1652867180000,136.53609495401406,122.93609495401405,0,6.8
1652867185000,137.20931380644927,123.6093138064493,0,6.8
1652867190000,137.89715234830885,124.29745456381518,0,6.799848892246839
1652867195000,137.89715234830885,124.29745456381518,0,6.799848892246839
1652867200000,135.68708896220193,122.08739117770823,0,6.799848892246839
1652867205000,135.26591708700903,121.62147264256457,0,6.822222222222222
1652867210000,135.26591708700903,121.62147264256457,0,6.822222222222222
1652867215000,135.30891620756734,121.66447176312289,0,6.822222222222222
1652867220000,135.97347136314067,121.70743874236825,0,7.133016310386205
1652867225000,135.97347136314067,121.70743874236825,0,7.133016310386205
1652867230000,135.3742085322969,121.10817591152448,0,7.133016310386205
1652867235000,134.19854226561245,119.75409782116802,0,7.222222222222222
1652867240000,134.19854226561245,119.75409782116802,0,7.222222222222222
1652867245000,133.46714273720806,119.02269829276364,0,7.222222222222222
1652867250000,135.44384695859574,120.73306275380031,0,7.355392102397725
1652867255000,135.44384695859574,120.73306275380031,0,7.355392102397725
1652867260000,135.68125587798798,120.97047167319252,0,7.355392102397725
1652867265000,134.2167037784993,120.30528352471589,0,6.955710126891708
1652867270000,134.2167037784993,120.30528352471589,0,6.955710126891708
1652867275000,135.24056629864435,121.32914604486093,0,6.955710126891708
1652867280000,135.81730306563423,122.61730306563423,0,6.6
1652867285000,135.81730306563423,122.61730306563423,0,6.6
1652867290000,138.11161729519912,124.91161729519912,0,6.6
1652867295000,136.9793126267003,124.62348249714188,0,6.177915064779216
1652867300000,136.9793126267003,124.62348249714188,0,6.177915064779216
1652867305000,137.87561522409607,125.51978509453765,0,6.177915064779216
1652867310000,138.4735446071074,125.91826805769742,0,6.26652741050199
1652867315000,138.4735446071074,125.91826805769742,0,6.26652741050199
1652867320000,138.7121445024648,126.1568679530548,0,6.26652741050199
1652867325000,139.46980079913527,126.31395289140399,0,6.577923953865642
1652867330000,139.46980079913527,126.31395289140399,0,6.577923953865642
1652867335000,138.80054966447216,125.64470175674086,0,6.577923953865642
1652867340000,138.5772686532892,125.46615754217808,0,6.555555555555555
1652867345000,138.5772686532892,125.46615754217808,0,6.555555555555555
1652867350000,138.57852217408742,125.46741106297632,0,6.555555555555555
1652867355000,137.95838004431374,125.40226643926464,0,6.289168407484778
1652867360000,137.95838004431374,125.40226643926464,0,6.289168407484778
1652867365000,139.07131178869426,126.51519818364515,0,6.289168407484778
1652867370000,138.13589836291237,125.6470094740235,0,6.244444444444444
1652867375000,138.13589836291237,125.6470094740235,0,6.244444444444444
1652867380000,139.22273729539668,126.7338484065078,0,6.244444444444444
1652867385000,140.11266521972095,127.57905336167966,0,6.266805929020646
1652867390000,140.11266521972095,127.57905336167966,0,6.266805929020646
1652867395000,139.4653770474427,126.9317651894014,0,6.266805929020646
1652867400000,141.95322690089623,127.95322690089623,0,7
1652867405000,141.95322690089623,127.95322690089623,0,7
1652867410000,141.06487905207047,127.06487905207047,0,7
1652867415000,141.79821238540382,127.13154571873713,0,7.333333333333333
1652867420000,141.79821238540382,127.13154571873713,0,7.333333333333333
1652867425000,142.17752296862537,127.51085630195871,0,7.333333333333333
1652867430000,142.5108563019587,127.3108563019587,0,7.6
1652867435000,142.5108563019587,127.3108563019587,0,7.6
1652867440000,141.86666088813433,126.6666608881343,0,7.6
1652867445000,139.6444386659121,125.46666088813431,0,7.088888888888889
1652867450000,139.6444386659121,125.46666088813431,0,7.088888888888889
1652867455000,140.62300449659605,126.44522671881828,0,7.088888888888889
1652867460000,141.06637044648852,127.77777685967934,0,6.644296793404591
1652867465000,141.06637044648852,127.77777685967934,0,6.644296793404591
1652867470000,140.77822673618678,127.4896331493776,0,6.644296793404591
1652867475000,140.0893531555997,126.8007595687905,0,6.644296793404591
1652867480000,140.0893531555997,126.8007595687905,0,6.644296793404591
1652867485000,141.12323002935045,127.83463644254124,0,6.644296793404591
1652867490000,142.81318210448953,128.67984877115617,0,7.066666666666666
1652867495000,142.81318210448953,128.67984877115617,0,7.066666666666666
1652867500000,141.28863457355268,127.15530124021936,0,7.066666666666666
1652867505000,141.08973089421167,126.02272940528968,0,7.533500744460989
1652867510000,141.08973089421167,126.02272940528968,0,7.533500744460989
1652867515000,141.68844154014792,126.62144005122595,0,7.533500744460989
1652867520000,141.4429007750445,126.68734521948895,0,7.377777777777777
1652867525000,141.4429007750445,126.68734521948895,0,7.377777777777777
1652867530000,141.98679778605234,127.23124223049676,0,7.377777777777777
1652867535000,141.23124223049678,126.92013111938564,0,7.155555555555555
1652867540000,141.23124223049678,126.92013111938564,0,7.155555555555555
1652867545000,141.6671838304123,127.35607271930121,0,7.155555555555555
1652867550000,141.9560727193012,127.91162827485675,0,7.022222222222222
1652867555000,141.9560727193012,127.91162827485675,0,7.022222222222222
1652867560000,141.97595956922743,127.93151512478298,0,7.022222222222222
1652867565000,142.152652926659,128.06407711723253,0,7.044287904713229
1652867570000,142.152652926659,128.06407711723253,0,7.044287904713229
1652867575000,142.4451857436821,128.35660993425563,0,7.044287904713229
1652867580000,142.42296401527605,128.86770968759444,0,6.777627163840803
1652867585000,142.42296401527605,128.86770968759444,0,6.777627163840803
1652867590000,143.46344964015503,129.90819531247342,0,6.777627163840803
1652867595000,143.5078930969671,129.73042148522515,0,6.88873580587098
1652867600000,143.5078930969671,129.73042148522515,0,6.88873580587098
1652867605000,139.74542642665895,125.96795481491701,0,6.88873580587098
1652867610000,139.83757415348958,126.148076842498,0,6.8447486554958
1652867615000,139.83757415348958,126.148076842498,0,6.8447486554958
1652867620000,139.0021739237793,125.31267661278773,0,6.8447486554958
1652867625000,138.86775064137228,124.64521236274385,0,7.111269139314207
1652867630000,138.86775064137228,124.64521236274385,0,7.111269139314207
1652867635000,138.8485152185634,124.62597693993494,0,7.111269139314207
1652867640000,138.09294287251126,124.04818632236568,0,7.02237827507278
1652867645000,138.09294287251126,124.04818632236568,0,7.02237827507278
1652867650000,140.63253508363266,126.5877785334871,0,7.02237827507278
1652867655000,141.56480123275696,127.07591234386808,0,7.244444444444444
1652867660000,141.56480123275696,127.07591234386808,0,7.244444444444444
1652867665000,141.5524648401256,127.06357595123669,0,7.244444444444444
1652867670000,142.8846806674282,127.81834880813616,0,7.533165929646007
1652867675000,142.8846806674282,127.81834880813616,0,7.533165929646007
1652867680000,141.46707561431023,126.4007437550182,0,7.533165929646007
1652867685000,141.02264104618953,126.35630029820612,0,7.333170373991689
1652867690000,141.02264104618953,126.35630029820612,0,7.333170373991689
1652867695000,142.71025879571974,128.04391804773635,0,7.333170373991689
1652867700000,142.24469975876008,127.5780330920934,0,7.333333333333333
1652867705000,142.24469975876008,127.5780330920934,0,7.333333333333333
1652867710000,142.71550253829213,128.04883587162547,0,7.333333333333333
1652867715000,141.87105809384767,127.78216920495882,0,7.044444444444443
1652867720000,141.87105809384767,127.78216920495882,0,7.044444444444443
1652867725000,141.73359852441163,127.64470963552276,0,7.044444444444443
1652867730000,141.66693185774497,127.4891540799672,0,7.088888888888889
1652867735000,141.66693185774497,127.4891540799672,0,7.088888888888889
1652867740000,140.37906127434906,126.20128349657128,0,7.088888888888889
1652867745000,139.82244105109478,125.68942178485624,0,7.066509633119264
1652867750000,139.82244105109478,125.68942178485624,0,7.066509633119264
1652867755000,140.79737784730736,126.66435858106881,0,7.066509633119264
1652867760000,141.1740742153256,126.64138677921163,0,7.266343718056976
1652867765000,141.1740742153256,126.64138677921163,0,7.266343718056976
1652867770000,140.4834111020033,125.95072366588934,0,7.266343718056976
1652867775000,141.3755389321425,127.06410978927266,0,7.155714571434922
1652867780000,141.3755389321425,127.06410978927266,0,7.155714571434922
1652867785000,141.0677595304587,126.75633038758886,0,7.155714571434922
1652867790000,141.6888888888889,126.88888888888889,0,7.4
1652867795000,141.6888888888889,126.88888888888889,0,7.4
1652867800000,139.7550588206278,124.95505882062781,0,7.4
1652867805000,140.8473405282972,125.06851082853944,0,7.8894148498788805
1652867810000,140.8473405282972,125.06851082853944,0,7.8894148498788805
1652867815000,142.84962495727248,127.07079525751469,0,7.8894148498788805
1652867820000,143.51175315160523,127.20100450157524,0,8.155374325014998
1652867825000,143.51175315160523,127.20100450157524,0,8.155374325014998
1652867830000,143.26552101311327,126.9547723630833,0,8.155374325014998
1652867835000,142.89002619811305,126.7785570543543,0,8.044623213849198
1652867840000,142.89002619811305,126.7785570543543,0,8.044623213849198
1652867845000,144.37943757935963,128.26796843560086,0,8.044623213849198
1652867850000,141.7972827083433,127.22047671763156,0,7.288402995355866
1652867855000,141.7972827083433,127.22047671763156,0,7.288402995355866
1652867860000,140.5091498853525,125.93234389464075,0,7.288402995355866
1652867865000,137.75683411381135,124.46794522492245,0,6.644444444444444
1652867870000,137.75683411381135,124.46794522492245,0,6.644444444444444
1652867875000,138.42222222222222,125.13333333333333,0,6.644444444444444
1652867880000,139.30903416638273,126.17628451081185,0,6.5774854450913285
1652867885000,139.30903416638273,126.17628451081185,0,6.5774854450913285
1652867890000,139.33125638860497,126.1985067330341,0,6.5774854450913285
1652867895000,140.53652910194015,127.24675422805966,0,6.64488743694024
1652867900000,140.53652910194015,127.24675422805966,0,6.64488743694024
1652867905000,139.91301408006845,126.62323920618798,0,6.64488743694024
1652867910000,140.043151644795,127.02092942257278,0,6.51111111111111
1652867915000,140.043151644795,127.02092942257278,0,6.51111111111111
1652867920000,140.9095565777551,127.88733435553286,0,6.51111111111111
1652867925000,138.93382728608287,126.93329392904477,0,6.000266678519045
1652867930000,138.93382728608287,126.93329392904477,0,6.000266678519045
1652867935000,138.7348618309942,126.73432847395608,0,6.000266678519045
1652867940000,138.83981815433768,126.97420620873284,0,5.932805972802417
1652867945000,138.83981815433768,126.97420620873284,0,5.932805972802417
1652867950000,138.83954560302575,126.9739336574209,0,5.932805972802417
1652867955000,141.7336316820162,129.2000198239749,0,6.266805929020646
1652867960000,141.7336316820162,129.2000198239749,0,6.266805929020646
1652867965000,141.58195671607797,129.04834485803667,0,6.266805929020646
1652867970000,142.0231088884407,128.37927083679855,0,6.8219190258210745
1652867975000,142.0231088884407,128.37927083679855,0,6.8219190258210745
1652867980000,142.9318949409131,129.28805688927093,0,6.8219190258210745
1652867985000,142.07067431864377,129.2253735208128,0,6.422650398915483
1652867990000,142.07067431864377,129.2253735208128,0,6.422650398915483
1652867995000,143.33736915794384,130.49206836011288,0,6.422650398915483
1652868000000,142.33094693124863,128.99850242754889,0,6.666222251849877
1652868005000,142.33094693124863,128.99850242754889,0,6.666222251849877
1652868010000,140.44152369755602,127.10907919385627,0,6.666222251849877
1652868015000,141.09129296386794,128.46850972905753,0,6.311391617405218
1652868020000,141.09129296386794,128.46850972905753,0,6.311391617405218
1652868025000,139.8907828171125,127.26799958230205,0,6.311391617405218
1652868030000,138.48863556118505,125.73308000562949,0,6.377777777777777
1652868035000,138.48863556118505,125.73308000562949,0,6.377777777777777
1652868040000,139.99948249213614,127.24392693658059,0,6.377777777777777
1652868045000,139.77933542387137,127.24544502874272,0,6.266945197564336
1652868050000,139.77933542387137,127.24544502874272,0,6.266945197564336
1652868055000,140.11137494729536,127.57748455216671,0,6.266945197564336
1652868060000,139.86175925900318,127.5514688339204,0,6.155145212541386
1652868065000,139.86175925900318,127.5514688339204,0,6.155145212541386
1652868070000,139.3299799652097,127.01968954012693,0,6.155145212541386
1652868075000,140.39974272176667,127.73307605510001,0,6.333333333333333
1652868080000,140.39974272176667,127.73307605510001,0,6.333333333333333
1652868085000,140.15630718832483,127.48964052165817,0,6.333333333333333
1652868090000,138.9573363469975,126.11260646411122,0,6.422364941443144
1652868095000,138.9573363469975,126.11260646411122,0,6.422364941443144
1652868100000,139.35529142113566,126.51056153824939,0,6.422364941443144
1652868105000,140.28969544220925,127.17800158914913,0,6.555846926530068
1652868110000,140.28969544220925,127.17800158914913,0,6.555846926530068
1652868115000,139.35791516082733,126.24622130776719,0,6.555846926530068
1652868120000,141.11137086996993,127.11137086996995,0,7
1652868125000,141.11137086996993,127.11137086996995,0,7
1652868130000,138.24394717154433,124.24394717154433,0,7
1652868135000,138.86616939376657,124.55505828265547,0,7.155555555555555
1652868140000,138.86616939376657,124.55505828265547,0,7.155555555555555
1652868145000,140.69041188569625,126.37930077458512,0,7.155555555555555
1652868150000,139.4914879589917,125.09116795188044,0,7.200160003555635
1652868155000,139.4914879589917,125.09116795188044,0,7.200160003555635
1652868160000,140.20107607329547,125.80075606618419,0,7.200160003555635
1652868165000,139.22222222222223,126.2,0,6.51111111111111
1652868170000,139.22222222222223,126.2,0,6.51111111111111
1652868175000,140.44470370946513,127.4224814872429,0,6.51111111111111
1652868180000,142.04470370946513,128.2224814872429,0,6.9111111111111105
1652868185000,142.04470370946513,128.2224814872429,0,6.9111111111111105
1652868190000,141.27965186805906,127.45742964583683,0,6.9111111111111105
1652868195000,142.01298520139238,128.01298520139238,0,7
1652868200000,142.01298520139238,128.01298520139238,0,7
1652868205000,143.2664054379038,129.2664054379038,0,7
1652868210000,142.7764212647126,128.598958541662,0,7.0887313615253005
1652868215000,142.7764212647126,128.598958541662,0,7.0887313615253005
1652868220000,143.22086422770852,129.04340150465794,0,7.0887313615253005
1652868225000,141.41984898852795,128.53153291368682,0,6.444158037420559
1652868230000,141.41984898852795,128.53153291368682,0,6.444158037420559
1652868235000,142.20863902814125,129.32032295330012,0,6.444158037420559
1652868240000,141.94303352556054,129.1877614204962,0,6.377636052532166
1652868245000,141.94303352556054,129.1877614204962,0,6.377636052532166
1652868250000,140.68706382456207,127.93179171949775,0,6.377636052532166
1652868255000,140.44575673354888,128.000759178102,0,6.222498777723454
1652868260000,140.44575673354888,128.000759178102,0,6.222498777723454
1652868265000,139.64757450475884,127.20257694931195,0,6.222498777723454
1652868270000,140.8465571518005,127.55737294770708,0,6.644592102046712
1652868275000,140.8465571518005,127.55737294770708,0,6.644592102046712
1652868280000,138.22228352504803,124.93309932095461,0,6.644592102046712
1652868285000,136.97781142566802,123.19972746824676,0,6.8890419787106385
1652868290000,136.97781142566802,123.19972746824676,0,6.8890419787106385
1652868295000,136.29092159263385,122.51283763521258,0,6.8890419787106385
1652868300000,137.1988633923548,122.97727324080597,0,7.110795075774409
1652868305000,137.1988633923548,122.97727324080597,0,7.110795075774409
1652868310000,138.3496632071276,124.12807305557877,0,7.110795075774409
1652868315000,137.4194986913463,123.77475103028716,0,6.8223738305295685
1652868320000,137.4194986913463,123.77475103028716,0,6.8223738305295685
1652868325000,137.5783215157314,123.93357385467226,0,6.8223738305295685
1652868330000,138.13283457898467,125.73283457898467,0,6.2
1652868335000,138.13283457898467,125.73283457898467,0,6.2
1652868340000,138.01921494847142,125.61921494847141,0,6.2
1652868345000,137.33240516433287,124.66517550968155,0,6.3336148273256585
1652868350000,137.33240516433287,124.66517550968155,0,6.3336148273256585
1652868355000,137.6710106253917,125.00378097074035,0,6.3336148273256585
1652868360000,138.31232216134316,125.91259771077539,0,6.199862225283882
1652868365000,138.31232216134316,125.91259771077539,0,6.199862225283882
1652868370000,138.8431353606241,126.44341091005634,0,6.199862225283882
1652868375000,139.6219669421445,126.55530027547785,0,6.533333333333333
1652868380000,139.6219669421445,126.55530027547785,0,6.533333333333333
1652868385000,140.0692500690838,127.00258340241714,0,6.533333333333333
1652868390000,139.31369451352825,126.91369451352826,0,6.2
1652868395000,139.31369451352825,126.91369451352826,0,6.2
1652868400000,139.26717186307846,126.86717186307844,0,6.2
1652868405000,139.13488991113383,126.06793286764396,0,6.533478521744928
1652868410000,139.13488991113383,126.06793286764396,0,6.533478521744928
1652868415000,140.75686721277506,127.68991016928521,0,6.533478521744928
1652868420000,139.7971701114714,127.70908709478363,0,6.044041508343889
1652868425000,139.7971701114714,127.70908709478363,0,6.044041508343889
1652868430000,139.06410298055482,126.97601996386703,0,6.044041508343889
1652868435000,141.244970922692,127.60052647824756,0,6.822222222222222
1652868440000,141.244970922692,127.60052647824756,0,6.822222222222222
1652868445000,141.33359753673537,127.68915309229092,0,6.822222222222222
1652868450000,140.5769802763782,126.93283903507245,0,6.822070620652874
1652868455000,140.5769802763782,126.93283903507245,0,6.822070620652874
1652868460000,138.91004940630947,125.26590816500372,0,6.822070620652874
1652868465000,139.18098095428581,124.86891570549146,0,7.156032624397183
1652868470000,139.18098095428581,124.86891570549146,0,7.156032624397183
1652868475000,141.35719234711908,127.04512709832473,0,7.156032624397183
1652868480000,140.50954472616658,126.73176694838882,0,6.888888888888888
1652868485000,140.50954472616658,126.73176694838882,0,6.888888888888888
1652868490000,139.1547980527396,125.37702027496184,0,6.888888888888888
1652868495000,139.59924249718406,126.66590916385073,0,6.466666666666667
1652868500000,139.59924249718406,126.66590916385073,0,6.466666666666667
1652868505000,137.7330765489162,124.79974321558286,0,6.466666666666667
1652868510000,138.6875521284712,124.95452397354133,0,6.866514077464944
1652868515000,138.6875521284712,124.95452397354133,0,6.866514077464944
1652868520000,138.60092006844488,124.86789191351501,0,6.866514077464944
1652868525000,138.13533337777875,124.49088893333432,0,6.822222222222222
1652868530000,138.13533337777875,124.49088893333432,0,6.822222222222222
1652868535000,139.0896420031726,125.44519755872814,0,6.822222222222222
1652868540000,139.57961140990014,125.5793002918753,0,7.000155559012423
1652868545000,139.57961140990014,125.5793002918753,0,7.000155559012423
1652868550000,140.93621290349662,126.93590178547177,0,7.000155559012423
1652868555000,140.71291016343574,126.89068794121349,0,6.9111111111111105
1652868560000,140.71291016343574,126.89068794121349,0,6.9111111111111105
1652868565000,139.06566820358503,125.2434459813628,0,6.9111111111111105
1652868570000,139.92905064475562,125.61889354411788,0,7.155078550318867
1652868575000,139.92905064475562,125.61889354411788,0,7.155078550318867
1652868580000,139.53028726104802,125.22013016041028,0,7.155078550318867
1652868585000,139.31134926432188,124.60023815321077,0,7.355555555555555
1652868590000,139.31134926432188,124.60023815321077,0,7.355555555555555
1652868595000,140.26540497763452,125.5542938665234,0,7.355555555555555
1652868600000,139.50555745790788,124.70687289653556,0,7.399342280686162
1652868605000,139.50555745790788,124.70687289653556,0,7.399342280686162
1652868610000,139.5962255896955,124.79754102832318,0,7.399342280686162
1652868615000,138.86929789472126,124.7797828051617,0,7.044757544779768
1652868620000,138.86929789472126,124.7797828051617,0,7.044757544779768
1652868625000,138.64606392210754,124.556548832548,0,7.044757544779768
1652868630000,138.195318521357,124.24100334937226,0,6.977157585992356
1652868635000,138.195318521357,124.24100334937226,0,6.977157585992356
1652868640000,137.43951397998225,123.48519880799755,0,6.977157585992356
1652868645000,136.73774627944798,123.93632389918353,0,6.400711190132237
1652868650000,136.73774627944798,123.93632389918353,0,6.400711190132237
1652868655000,137.8054094674218,125.00398708715733,0,6.400711190132237
1652868660000,138.86797484388543,125.44545434342986,0,6.711260250227784
1652868665000,138.86797484388543,125.44545434342986,0,6.711260250227784
1652868670000,137.97884075109667,124.5563202506411,0,6.711260250227784
1652868675000,137.38091056559563,124.84674162099932,0,6.267084472298153
1652868680000,137.38091056559563,124.84674162099932,0,6.267084472298153
1652868685000,137.9594343326592,125.42526538806293,0,6.267084472298153
1652868690000,138.64414180215374,125.17777438809627,0,6.733183707028732
1652868695000,138.64414180215374,125.17777438809627,0,6.733183707028732
1652868700000,138.1984390470335,124.73207163297604,0,6.733183707028732
1652868705000,137.95189750541235,124.70833596507059,0,6.6217807701708775
1652868710000,137.95189750541235,124.70833596507059,0,6.6217807701708775
1652868715000,139.41754277422956,126.1739812338878,0,6.6217807701708775
1652868720000,141.5106833291083,127.28814505047991,0,7.111269139314207
1652868725000,141.5106833291083,127.28814505047991,0,7.111269139314207
1652868730000,141.26777349342666,127.04523521479823,0,7.111269139314207
1652868735000,142.15556458014214,127.26667569125325,0,7.444444444444444
1652868740000,142.15556458014214,127.26667569125325,0,7.444444444444444
1652868745000,142.26666618397803,127.37777729508917,0,7.444444444444444
1652868750000,141.4910889978315,126.95710970986316,0,7.266989643984177
1652868755000,141.4910889978315,126.95710970986316,0,7.266989643984177
1652868760000,141.44843470547576,126.9144554175074,0,7.266989643984177
1652868765000,138.44520055656554,125.64548499468914,0,6.399857780938201
1652868770000,138.44520055656554,125.64548499468914,0,6.399857780938201
1652868775000,139.1098465522227,126.31013099034631,0,6.399857780938201
1652868780000,138.91190926817436,126.8671971634609,0,6.022356052356719
1652868785000,138.91190926817436,126.8671971634609,0,6.022356052356719
1652868790000,139.18087119159628,127.13615908688283,0,6.022356052356719
1652868795000,139.42428647736804,127.33539758847917,0,6.044444444444443
1652868800000,139.42428647736804,127.33539758847917,0,6.044444444444443
1652868805000,138.84418667239495,126.75529778350604,0,6.044444444444443
1652868810000,140.06640889461715,126.59974222795049,0,6.733333333333333
1652868815000,140.06640889461715,126.59974222795049,0,6.733333333333333
1652868820000,139.8020449837157,126.33537831704902,0,6.733333333333333
1652868825000,139.5131560948268,125.86871165038235,0,6.822222222222222
1652868830000,139.5131560948268,125.86871165038235,0,6.822222222222222
1652868835000,138.79847509561517,125.15403065117073,0,6.822222222222222
1652868840000,138.86408499564212,124.86439609983978,0,6.999844447901158
1652868845000,138.86408499564212,124.86439609983978,0,6.999844447901158
1652868850000,138.86535755995547,124.86566866415315,0,6.999844447901158
1652868855000,139.79974765992856,125.26641432659521,0,7.266666666666667
1652868860000,139.79974765992856,125.26641432659521,0,7.266666666666667
1652868865000,137.1995047023646,122.66617136903129,0,7.266666666666667
1652868870000,137.22064892385106,123.22096002804875,0,6.9998444479011575
1652868875000,137.22064892385106,123.22096002804875,0,6.9998444479011575
1652868880000,138.42114324500358,124.42145434920127,0,6.9998444479011575
1652868885000,139.44664504729104,124.51264798075475,0,7.4669985332681446
1652868890000,139.44664504729104,124.51264798075475,0,7.4669985332681446
1652868895000,140.02442380155165,125.09042673501536,0,7.4669985332681446
1652868900000,139.4422687386733,125.53177587168965,0,6.955246433491846
1652868905000,139.4422687386733,125.53177587168965,0,6.955246433491846
1652868910000,142.52959223025007,128.61909936326637,0,6.955246433491846
1652868915000,142.6651012693545,128.6651012693545,0,7
1652868920000,142.6651012693545,128.6651012693545,0,7
1652868925000,141.93333235687243,127.93333235687244,0,7
1652868930000,140.44444346798352,127.37777680131687,0,6.533333333333333
1652868935000,140.44444346798352,127.37777680131687,0,6.533333333333333
1652868940000,140.17829434394613,127.11162767727946,0,6.533333333333333
1652868945000,140.78043666138248,127.31317144959526,0,6.733632605893595
1652868950000,140.78043666138248,127.31317144959526,0,6.733632605893595
1652868955000,140.423843081353,126.9565778695658,0,6.733632605893595
1652868960000,140.2661452083611,126.17725631947222,0,7.044444444444443
1652868965000,140.2661452083611,126.17725631947222,0,7.044444444444443
1652868970000,140.44210100125267,126.35321211236379,0,7.044444444444443
1652868975000,141.57434151936462,127.17466151225366,0,7.199840003555476
1652868980000,141.57434151936462,127.17466151225366,0,7.199840003555476
1652868985000,142.9097615114726,128.51008150436164,0,7.199840003555476
1652868990000,142.7552987711384,127.37752099336065,0,7.688888888888888
1652868995000,142.7552987711384,127.37752099336065,0,7.688888888888888
1652869000000,142.31111313189572,126.93333535411794,0,7.688888888888888
1652869005000,143.66554920615584,128.4658869764276,0,7.599831114864115
1652869010000,143.66554920615584,128.4658869764276,0,7.599831114864115
1652869015000,143.00067226578872,127.80101003606049,0,7.599831114864115
1652869020000,142.0906806359731,127.20179174708419,0,7.444444444444444
1652869025000,142.0906806359731,127.20179174708419,0,7.444444444444444
1652869030000,140.99948598297613,126.11059709408724,0,7.444444444444444
1652869035000,140.82170820519835,126.8661526496428,0,6.977777777777777
1652869040000,140.82170820519835,126.8661526496428,0,6.977777777777777
1652869045000,142.13411607836605,128.17856052281047,0,6.977777777777777
1652869050000,141.98074432357203,127.98012207369422,0,7.000311124938886
1652869055000,141.98074432357203,127.98012207369422,0,7.000311124938886
1652869060000,143.2688504674282,129.26822821755042,0,7.000311124938886
1652869065000,143.84444444444446,130.20000000000002,0,6.822222222222222
1652869070000,143.84444444444446,130.20000000000002,0,6.822222222222222
1652869075000,143.62273088680487,129.9782864423604,0,6.822222222222222
1652869080000,142.53492251575463,129.77908349710975,0,6.37791950932243
1652869085000,142.53492251575463,129.77908349710975,0,6.37791950932243
1652869090000,143.55637681989617,130.8005378012513,0,6.37791950932243
1652869095000,141.8886296353908,129.93307407983525,0,5.977777777777777
1652869100000,141.8886296353908,129.93307407983525,0,5.977777777777777
1652869105000,141.06537929978538,129.10982374422983,0,5.977777777777777
1652869110000,140.7775274709793,128.46614277354158,0,6.155692348718861
1652869115000,140.7775274709793,128.46614277354158,0,6.155692348718861
1652869120000,140.11214867688392,127.8007639794462,0,6.155692348718861
1652869125000,141.48782176398302,127.97701089311349,0,6.755405435434768
1652869130000,141.48782176398302,127.97701089311349,0,6.755405435434768
1652869135000,140.44363114048792,126.93282026961839,0,6.755405435434768
1652869140000,140.97371446351607,126.70831583228329,0,7.13269931561639
1652869145000,140.97371446351607,126.70831583228329,0,7.13269931561639
1652869150000,142.11642336316737,127.85102473193457,0,7.13269931561639
1652869155000,142.96408720131342,128.51996373739038,0,7.222061731961512
1652869160000,142.96408720131342,128.51996373739038,0,7.222061731961512
1652869165000,144.33223508613386,129.88811162221086,0,7.222061731961512
1652869170000,143.97777777777776,129.88888888888889,0,7.044444444444443
1652869175000,143.97777777777776,129.88888888888889,0,7.044444444444443
1652869180000,140.3552953144251,126.26640642553622,0,7.044444444444443
1652869185000,140.22522442080998,126.80210732411464,0,6.711558548347668
1652869190000,140.22522442080998,126.80210732411464,0,6.711558548347668
1652869195000,140.10425817229287,126.68114107559754,0,6.711558548347668
1652869200000,138.43432906590803,125.23432906590801,0,6.6
1652869205000,138.43432906590803,125.23432906590801,0,6.6
1652869210000,137.50885438230816,124.30885438230816,0,6.6
1652869215000,137.0644099378637,124.08663216008593,0,6.488888888888889
1652869220000,137.0644099378637,124.08663216008593,0,6.488888888888889
1652869225000,137.13208152049322,124.15430374271543,0,6.488888888888889
1652869230000,137.75535808713298,124.15505585819454,0,6.8001511144692115
1652869235000,137.75535808713298,124.15505585819454,0,6.8001511144692115
1652869240000,135.4674775597041,121.86717533076569,0,6.8001511144692115
1652869245000,136.48864543750878,122.3997565486199,0,7.044444444444443
1652869250000,136.48864543750878,122.3997565486199,0,7.044444444444443
1652869255000,137.00121093421544,122.91232204532655,0,7.044444444444443
1652869260000,135.93454426754877,122.20121093421544,0,6.866666666666666
1652869265000,135.93454426754877,122.20121093421544,0,6.866666666666666
1652869270000,138.6234978172736,124.89016448394025,0,6.866666666666666
1652869275000,137.53460892838473,124.55683115060695,0,6.488888888888889
1652869280000,137.53460892838473,124.55683115060695,0,6.488888888888889
1652869285000,139.5798489467014,126.60207116892362,0,6.488888888888889
1652869290000,139.6020711689236,127.33540450225696,0,6.133333333333334
1652869295000,139.6020711689236,127.33540450225696,0,6.133333333333334
1652869300000,137.17748278270614,124.91081611603947,0,6.133333333333334
1652869305000,137.77748278270613,125.19970500492833,0,6.288888888888889
1652869310000,137.77748278270613,125.19970500492833,0,6.288888888888889
1652869315000,137.46666666666664,124.88888888888886,0,6.288888888888889
1652869320000,136.95555555555552,124.11111111111109,0,6.422222222222222
1652869325000,136.95555555555552,124.11111111111109,0,6.422222222222222
1652869330000,137.86691654876282,125.02247210431835,0,6.422222222222222
1652869335000,136.5335832154295,124.1335832154295,0,6.2
1652869340000,136.5335832154295,124.1335832154295,0,6.2
1652869345000,138.19818751081417,125.79818751081417,0,6.2
1652869350000,138.66384185429789,127.15298653997155,0,5.7554276571631755
1652869355000,138.66384185429789,127.15298653997155,0,5.7554276571631755
1652869360000,138.21993596651328,126.7090806521869,0,5.7554276571631755
1652869365000,138.9320594008073,127.4209482896962,0,5.7555555555555555
1652869370000,138.9320594008073,127.4209482896962,0,5.7555555555555555
1652869375000,137.39822226172754,125.88711115061642,0,5.7555555555555555
1652869380000,137.4850509952653,126.01889393557909,0,5.733078529843119
1652869385000,137.4850509952653,126.01889393557909,0,5.733078529843119
1652869390000,137.44517405953545,125.9790169998492,0,5.733078529843119
1652869395000,137.715973072416,125.27097551696912,0,6.222498777723454
1652869400000,137.715973072416,125.27097551696912,0,6.222498777723454
1652869405000,137.73844175343618,125.29344419798929,0,6.222498777723454
1652869410000,137.11108087811533,125.28964675150155,0,5.910717063306891
1652869415000,137.11108087811533,125.28964675150155,0,5.910717063306891
1652869420000,137.6873543237841,125.86592019717031,0,5.910717063306891
1652869425000,138.51472408838893,126.33640505198731,0,6.089159518200808
1652869430000,138.51472408838893,126.33640505198731,0,6.089159518200808
1652869435000,138.00081790962216,125.82249887322055,0,6.089159518200808
1652869440000,138.48762571836428,126.04318127391983,0,6.222222222222222
1652869445000,138.48762571836428,126.04318127391983,0,6.222222222222222
1652869450000,137.33032278376996,124.88587833932553,0,6.222222222222222
1652869455000,137.73350373657422,125.24378219958288,0,6.244860768495678
1652869460000,137.73350373657422,125.24378219958288,0,6.244860768495678
1652869465000,137.2688324010706,124.77911086407923,0,6.244860768495678
1652869470000,135.91009589271076,123.37676255937743,0,6.266666666666667
1652869475000,135.91009589271076,123.37676255937743,0,6.266666666666667
1652869480000,136.7767645345105,124.24343120117717,0,6.266666666666667
1652869485000,136.59898675673273,124.28787564562163,0,6.155555555555555
1652869490000,136.59898675673273,124.28787564562163,0,6.155555555555555
1652869495000,139.02350144492152,126.71239033381042,0,6.155555555555555
1652869500000,140.02350144492152,126.82350144492152,0,6.6
1652869505000,140.02350144492152,126.82350144492152,0,6.6
1652869510000,139.10856111187053,125.90856111187054,0,6.6
1652869515000,140.7752277785372,127.1752277785372,0,6.8
1652869520000,140.7752277785372,127.1752277785372,0,6.8
1652869525000,140.82297190183047,127.22297190183046,0,6.8
1652869530000,140.11186079071936,126.35630523516382,0,6.866666666666666
1652869535000,140.11186079071936,126.35630523516382,0,6.866666666666666
1652869540000,138.08863506736887,124.33307951181332,0,6.866666666666666
1652869545000,137.57752395625775,123.79974617847999,0,6.888888888888888
1652869550000,137.57752395625775,123.79974617847999,0,6.888888888888888
1652869555000,137.64746927130523,123.86969149352747,0,6.888888888888888
1652869560000,137.80408657885033,123.62599373234265,0,7.08904642325385
1652869565000,137.80408657885033,123.62599373234265,0,7.08904642325385
1652869570000,136.91291175534056,122.73481890883288,0,7.08904642325385
1652869575000,136.44518333668435,122.06740555890657,0,7.2
1652869580000,136.44518333668435,122.06740555890657,0,7.2
1652869585000,137.37802272149258,123.00024494371478,0,7.2
1652869590000,137.84362768335762,123.04395656493803,0,7.399835559209794
1652869595000,137.84362768335762,123.04395656493803,0,7.399835559209794
1652869600000,138.28681591595307,123.48714479753349,0,7.399835559209794
1652869605000,138.79898873186582,124.17676650964358,0,7.311111111111111
1652869610000,138.79898873186582,124.17676650964358,0,7.311111111111111
1652869615000,137.77878922570895,123.15656700348674,0,7.311111111111111
1652869620000,139.35545887996355,124.28912702067154,0,7.533165929646007
1652869625000,139.35545887996355,124.28912702067154,0,7.533165929646007
1652869630000,141.39940102359367,126.33306916430166,0,7.533165929646007
1652869635000,139.75713633142465,125.49015262067553,0,7.133491855374564
1652869640000,139.75713633142465,125.49015262067553,0,7.133491855374564
1652869645000,139.91367819258667,125.64669448183756,0,7.133491855374564
1652869650000,138.9792732305011,126.09038434161221,0,6.444444444444444
1652869655000,138.9792732305011,126.09038434161221,0,6.444444444444444
1652869660000,141.48862422647917,128.5997353375903,0,6.444444444444444
1652869665000,140.86640200425697,128.9997353375903,0,5.933333333333334
1652869670000,140.86640200425697,128.9997353375903,0,5.933333333333334
1652869675000,137.24544498300187,125.37877831633519,0,5.933333333333334
1652869680000,137.80100053855742,125.93433387189074,0,5.933333333333334
1652869685000,137.80100053855742,125.93433387189074,0,5.933333333333334
1652869690000,138.48762236294732,126.62095569628065,0,5.933333333333334
1652869695000,139.42095569628066,126.04317791850289,0,6.688888888888888
1652869700000,139.42095569628066,126.04317791850289,0,6.688888888888888
1652869705000,137.84346280529198,124.46568502751418,0,6.688888888888888
1652869710000,136.88580956518905,122.79754682131102,0,7.044131371939026
1652869715000,136.88580956518905,122.79754682131102,0,7.044131371939026
1652869720000,138.39686932085462,124.30860657697657,0,7.044131371939026

