"Time","sum(container_memory_working_set_bytes)"
1652860265000,14986575872
1652860270000,15111704576
1652860275000,15111704576
1652860280000,15166656512
1652860285000,15347200000
1652860290000,15322812416
1652860295000,15322812416
1652860300000,15398068224
1652860305000,14865989632
1652860310000,14870417408
1652860315000,14817734656
1652860320000,15522742272
1652860325000,15882231808
1652860330000,15894564864
1652860335000,15843262464
1652860340000,15494406144
1652860345000,15330562048
1652860350000,15241887744
1652860355000,15241887744
1652860360000,15303258112
1652860365000,15240667136
1652860370000,15313776640
1652860375000,15313776640
1652860380000,15297175552
1652860385000,15314161664
1652860390000,15289159680
1652860395000,15293706240
1652860400000,15337865216
1652860405000,14822051840
1652860410000,14770331648
1652860415000,12367499264
1652860420000,12367499264
1652860425000,12367499264
1652860430000,14783504384
1652860435000,14524944384
1652860440000,14524010496
1652860445000,14530584576
1652860450000,15156580352
1652860455000,15030820864
1652860460000,14631882752
1652860465000,14630866944
1652860470000,14794383360
1652860475000,14712885248
1652860480000,14133551104
1652860485000,13898473472
1652860490000,13898473472
1652860495000,13902622720
1652860500000,13902622720
1652860505000,13907791872
1652860510000,13907906560
1652860515000,13952622592
1652860520000,14347878400
1652860525000,14371962880
1652860530000,14394781696
1652860535000,14635511808
1652860540000,14576975872
1652860545000,14549360640
1652860550000,14426382336
1652860555000,13998882816
1652860560000,13997928448
1652860565000,13928185856

